Gender,Generation,Term Sub Reason,Employee Grade,Location,Career Bucket,Age Bucket,Manager ID,Talent,Department,active_months,,,,,,
1,2,1,1,1,1,2,102292,5,2,59,,,,,,
1,2,1,2,1,2,2,100411,5,3,4,,,,,,
0,2,1,1,1,1,2,102304,5,5,26,,,,,,
0,3,1,3,1,3,4,102324,5,7,126,,,,,,
0,2,11,2,1,2,3,100619,5,7,126,,,,,,
0,2,1,1,1,2,3,100846,5,7,112,,,,,,
0,2,1,2,1,2,3,102324,5,7,137,,,,,,
0,2,1,1,1,2,3,100598,5,7,13,,,,,,
0,2,11,1,1,1,1,100726,5,7,42,,,,,,
0,2,11,1,1,1,1,100667,5,7,43,,,,,,
0,3,1,2,1,3,4,101059,5,11,90,,,,,,
0,3,1,1,1,3,4,101321,5,12,76,,,,,Fit,
0,2,1,2,1,2,3,101379,5,13,66,,,,,Mean,8.8
0,2,1,1,1,2,3,102350,5,15,61,,,,,Std,6.140032573
0,2,1,2,1,2,3,100188,5,2,88,,,,,,
0,2,11,1,1,2,2,100416,5,3,37,,,,,,
1,2,11,2,1,2,3,100439,5,7,59,,,,,,
0,2,11,1,1,2,3,101040,5,17,67,,,,,,
0,3,1,2,1,3,5,100254,5,18,69,,,,,Min,4
0,2,1,1,1,1,1,101571,5,15,8,,,,,Max,19
0,3,1,2,1,3,3,100543,5,19,15,,,,,,
0,2,1,1,1,1,2,100620,5,7,23,,,,,,
1,2,1,1,1,2,2,100667,5,7,42,,,,Transformation,,
0,2,1,2,1,1,2,100754,5,7,81,,,X,Std,Min-Max,
0,2,1,2,1,2,3,101059,5,11,31,,,10,0.195438703,0.4,
0,2,11,1,1,2,3,101379,5,13,66,,,4,-0.78175481,0,
1,3,11,2,1,2,3,101444,5,14,14,,,5,-0.618889225,0.066666667,
1,3,1,2,1,3,4,101569,5,15,78,,,,,,
0,3,1,2,1,3,4,102366,5,16,128,,,,,,
0,2,1,2,1,2,3,100296,5,16,14,,,,,,
0,2,1,1,1,2,3,101540,5,21,74,,,6,-0.456023639,0.133333333,
0,3,1,2,1,3,4,100282,5,20,88,,,19,1.661228972,1,
1,2,1,2,1,2,3,102367,5,22,47,,,,,,
1,2,1,1,3,2,2,102368,5,23,91,,,,,,
1,2,1,1,1,1,1,100794,5,7,34,,,,,,
1,2,1,1,1,2,3,100439,5,7,70,,,,,,
0,2,1,2,1,2,3,100650,5,7,100,,,,,,
0,3,1,2,1,3,4,102387,5,24,22,,,,,,
0,2,11,1,1,1,2,101288,5,25,60,,,,,,
1,2,1,1,1,1,1,101377,5,13,24,,,,,,
0,3,1,2,1,3,4,101444,5,14,117,,,,,,
1,2,1,1,1,1,1,101451,5,14,39,,,,,,
1,2,1,1,1,1,2,100442,5,26,36,,,,,,
1,2,1,1,1,1,2,100186,5,2,62,,,,,,
0,2,11,2,1,2,3,100277,5,20,50,,,,,,
0,3,12,3,1,3,6,102383,5,3,83,,,,,,
0,2,1,1,1,2,3,101058,5,17,21,,,,,,
1,3,1,2,1,3,4,101076,5,27,132,,,,,,
0,2,1,1,1,2,3,101162,5,28,29,,,,,,
0,2,1,1,4,1,2,101322,5,12,28,,,,,,
0,2,1,1,1,1,2,101495,5,18,47,,,,,,
0,2,1,1,1,1,2,101437,5,21,70,,,,,,
0,2,1,2,1,2,3,101540,5,21,79,,,,,,
0,2,1,1,1,2,3,100105,5,9,74,,,,,,
0,2,1,1,1,1,2,100191,5,2,21,,,,,,
1,2,1,1,1,1,2,100186,5,2,47,,,,,,
1,2,1,1,1,1,2,100170,5,2,53,,,,,,
0,2,1,1,1,2,3,100780,5,7,71,,,,,,
0,2,1,1,1,1,2,100794,5,7,71,,,,,,
0,2,1,1,1,1,2,101056,5,17,38,,,,,,
0,3,11,2,2,3,3,101253,5,33,10,,,,,,
0,2,1,1,1,2,3,102417,5,36,61,,,,,,
0,3,14,2,4,3,3,101319,5,12,97,,,,,,
0,3,1,2,6,3,5,101604,5,38,95,,,,,,
0,2,1,1,1,2,3,102420,5,21,17,,,,,,
0,2,1,1,1,2,2,101701,5,21,31,,,,,,
1,2,1,1,1,2,2,101540,5,21,41,,,,,,
0,2,11,2,1,2,3,102420,5,21,45,,,,,,
0,2,5,1,1,1,2,100190,5,2,25,,,,,,
1,2,1,1,1,1,2,100186,5,2,37,,,,,,
0,3,1,2,1,3,4,102361,5,20,73,,,,,,
1,2,13,1,1,2,3,100107,5,29,54,,,,,,
0,2,14,1,1,2,2,100107,5,29,66,,,,,,
1,2,5,1,1,1,1,100583,5,37,36,,,,,,
0,2,14,2,1,2,3,100650,5,7,2,,,,,,
1,2,1,1,1,1,1,100726,5,7,24,,,,,,
0,2,1,1,1,1,1,100620,5,7,24,,,,,,
1,2,5,1,1,1,1,100780,5,7,24,,,,,,
1,2,5,1,1,1,1,100032,5,7,24,,,,,,
1,2,1,1,1,2,3,100650,5,7,31,,,,,,
1,2,5,1,1,1,1,100633,5,7,36,,,,,,
1,2,5,1,1,1,2,100693,5,7,48,,,,,,
1,2,13,1,1,2,3,101059,5,11,40,,,,,,
0,2,13,2,1,2,3,101162,5,28,71,,,,,,
0,2,5,1,1,1,1,101321,5,12,24,,,,,,
1,2,5,1,4,1,2,101322,5,12,48,,,,,,
0,2,5,1,4,1,2,101322,5,12,56,,,,,,
0,2,5,1,1,1,1,101390,5,40,37,,,,,,
0,3,13,2,1,3,4,101150,5,41,124,,,,,,
1,2,5,1,1,1,2,101494,5,26,48,,,,,,
0,2,1,1,1,1,2,102428,5,15,5,,,,,,
0,3,1,2,1,3,6,101568,5,15,71,,,,,,
0,2,5,1,1,1,1,102366,5,16,48,,,,,,
0,2,5,2,1,1,2,102366,5,16,72,,,,,,
0,2,1,1,1,1,1,101540,5,21,25,,,,,,
0,3,1,2,1,3,4,101674,5,21,69,,,,,,
0,2,13,2,1,2,3,100620,5,7,14,,,,,,
0,2,14,1,1,1,2,100605,5,7,25,,,,,,
0,2,5,1,1,1,1,100679,5,7,38,,,,,,
0,2,6,2,1,2,3,100650,5,7,69,,,,,,
0,2,2,1,1,1,2,100692,5,7,74,,,,,,
0,3,1,2,1,3,4,101098,5,42,94,,,,,,
0,2,13,1,1,1,2,101059,5,11,38,,,,,,
0,2,5,1,1,1,2,101321,5,12,37,,,,,,
0,3,11,1,1,3,4,101424,5,14,50,,,,,,
1,2,4,1,1,1,2,101413,5,14,73,,,,,,
0,3,1,2,1,3,4,101164,5,41,133,,,,,,
0,3,15,2,1,3,4,101591,5,15,33,,,,,,
0,2,1,1,1,2,3,101186,5,21,85,,,,,,
0,2,1,1,1,1,2,100186,5,2,28,,,,,,
0,2,1,2,1,2,3,100190,5,2,73,,,,,,
0,2,11,2,1,2,3,100362,5,3,52,,,,,,
1,2,1,2,3,2,3,102402,5,31,64,,,,,,
0,2,4,1,1,1,2,100794,5,7,19,,,,,,
1,2,4,1,1,1,2,100605,5,7,34,,,,,,
1,2,7,1,1,1,2,101458,5,43,25,,,,,,
1,2,13,1,1,1,2,101586,5,15,9,,,,,,
0,2,1,1,1,2,3,102428,5,15,24,,,,,,
0,2,1,1,1,2,3,101465,5,21,29,,,,,,
0,3,1,2,1,3,4,101465,5,21,108,,,,,,
0,3,13,2,1,3,4,100185,5,2,101,,,,,,
1,2,5,1,1,1,1,100754,5,7,28,,,,,,
1,2,13,1,1,2,2,100726,5,7,69,,,,,,
0,2,1,1,1,1,2,101056,5,17,22,,,,,,
0,2,13,1,1,2,3,100076,5,11,28,,,,,,
0,4,1,2,1,3,7,101569,5,15,69,,,,,,
0,2,14,2,1,2,3,101540,5,21,38,,,,,,
0,2,1,1,1,1,1,101224,5,10,26,,,,,,
0,2,1,1,1,1,2,100191,5,2,12,,,,,,
0,2,14,1,1,2,2,100188,5,2,20,,,,,,
0,2,1,2,1,2,3,102360,5,20,18,,,,,,
0,2,1,2,1,1,2,100620,5,7,67,,,,,,
0,2,13,1,1,2,3,100607,5,7,78,,,,,,
0,3,1,2,1,3,4,101150,5,11,42,,,,,,
0,3,5,1,1,3,4,100650,5,7,27,,,,,,
1,2,1,1,1,1,2,100633,5,7,50,,,,,,
0,2,1,2,1,2,3,100692,5,7,75,,,,,,
1,2,11,2,1,2,3,101059,5,11,5,,,,,,
0,2,1,1,1,2,3,101160,5,11,62,,,,,,
0,2,5,1,1,1,1,101321,5,12,30,,,,,,
0,4,1,2,1,3,7,101319,5,12,80,,,,,,
0,3,6,2,6,3,6,101604,5,38,66,,,,,,
0,2,14,1,1,3,3,101515,5,21,68,,,,,,
0,2,14,1,1,1,2,100191,5,2,15,,,,,,
0,2,1,1,1,1,2,100170,5,2,71,,,,,,
0,3,1,2,1,3,4,102292,5,2,74,,,,,,
1,2,4,1,1,1,2,100277,5,20,16,,,,,,
0,3,13,2,1,3,4,100076,5,11,128,,,,,,
0,3,14,2,2,3,4,101253,5,33,18,,,,,,
1,2,4,1,1,2,2,101494,5,18,66,,,,,,
0,2,1,1,1,1,2,100188,5,26,16,,,,,,
0,3,1,2,1,3,4,102436,5,15,17,,,,,,
0,2,1,1,1,1,2,100988,5,15,20,,,,,,
0,3,10,2,1,3,4,101645,5,21,22,,,,,,
0,2,14,1,1,1,2,101645,5,21,66,,,,,,
0,2,5,1,1,2,3,101693,5,21,69,,,,,,
0,2,1,1,1,2,3,101697,5,21,75,,,,,,
0,2,8,2,1,3,3,101688,5,21,78,,,,,,
0,2,11,1,1,1,2,102340,5,9,20,,,,,,
0,2,8,1,1,2,3,100692,5,7,61,,,,,,
1,2,3,1,1,1,2,100830,5,7,68,,,,,,
0,2,14,1,1,2,3,101098,5,42,46,,,,,,
0,3,1,2,1,3,4,101164,5,11,126,,,,,,
0,2,4,1,1,2,3,101059,5,11,10,,,,,,
0,2,11,1,1,2,3,101059,5,11,116,,,,,,
0,2,14,1,1,1,2,101495,5,26,22,,,,,,
0,2,11,1,1,3,3,100188,5,26,72,,,,,,
0,3,11,2,1,3,4,101569,5,15,40,,,,,,
0,2,11,1,1,2,3,101568,5,15,98,,,,,,
0,2,1,1,1,1,2,101688,5,21,40,,,,,,
0,2,11,1,1,2,3,100417,5,3,64,,,,,,
1,2,11,1,1,1,2,100754,5,7,17,,,,,,
1,2,1,1,1,2,3,100743,5,7,26,,,,,,
0,3,3,2,1,3,5,102439,5,26,117,,,,,,
0,2,1,1,1,2,3,101353,5,15,36,,,,,,
0,2,1,1,1,2,3,101591,5,15,63,,,,,,
1,2,1,1,1,1,2,101566,5,21,34,,,,,,
0,2,1,1,3,2,3,100017,5,1,72,,,,,,
0,3,1,2,1,3,4,102307,5,6,57,,,,,,
0,2,5,1,1,2,3,100191,5,2,82,,,,,,
0,2,1,1,1,2,2,100411,5,3,33,,,,,,
1,2,11,1,1,2,2,100515,5,30,105,,,,,,
1,2,1,1,1,1,1,100605,5,7,21,,,,,,
0,3,1,1,1,3,4,100607,5,7,77,,,,,,
1,2,3,1,1,2,2,100481,5,17,48,,,,,,
1,2,1,1,1,2,3,100076,5,11,79,,,,,,
0,2,11,1,1,1,2,102338,5,46,81,,,,,,
0,2,5,1,1,1,2,101435,5,14,57,,,,,,
0,2,1,1,1,2,3,101435,5,14,85,,,,,,
0,2,1,1,1,2,3,101586,5,15,50,,,,,,
1,2,1,2,1,2,3,101569,5,15,58,,,,,,
0,3,1,1,1,3,6,101590,5,15,106,,,,,,
0,2,1,1,1,2,3,101186,5,21,31,,,,,,
0,2,14,1,1,2,2,101688,5,21,33,,,,,,
0,2,15,1,1,1,2,101566,5,21,50,,,,,,
0,2,14,1,1,2,3,100191,5,2,24,,,,,,
0,3,11,2,1,3,4,100417,5,3,65,,,,,,
0,2,5,1,1,1,1,100745,5,7,35,,,,,,
1,2,5,1,1,1,1,100605,5,7,32,,,,,,
1,2,4,1,1,1,1,100599,5,7,27,,,,,,
0,2,13,1,1,1,2,101186,5,21,10,,,,,,
0,3,1,2,1,3,4,101725,5,21,124,,,,,,
1,2,1,1,1,1,1,100667,5,7,35,,,,,,
1,2,5,1,1,1,2,100692,5,7,59,,,,,,
0,3,1,2,1,3,4,101040,5,17,72,,,,,,
1,3,1,2,1,3,4,101076,5,27,12,,,,,,
0,2,3,1,1,2,3,100076,5,11,43,,,,,,
0,2,11,1,1,2,3,101435,5,14,24,,,,,,
0,2,1,2,1,1,2,102439,5,26,59,,,,,,
0,3,3,2,1,3,4,102458,5,15,27,,,,,,
0,2,1,2,1,2,3,101353,5,15,35,,,,,,
1,3,8,1,1,3,4,101586,5,15,72,,,,,,
0,2,11,1,1,2,3,100384,5,3,65,,,,,,
0,3,1,2,1,3,4,100422,5,3,91,,,,,,
0,3,1,1,2,3,4,102403,5,31,74,,,,,,
1,3,11,2,1,3,4,100743,5,7,11,,,,,,
1,2,13,1,1,1,2,100605,5,7,19,,,,,,
1,2,1,1,1,1,2,100679,5,7,23,,,,,,
1,2,5,1,1,1,1,100611,5,7,19,,,,,,
1,2,11,2,1,2,3,100620,5,7,34,,,,,,
1,2,1,1,1,2,3,100743,5,7,55,,,,,,
0,2,11,1,1,2,3,100635,5,7,77,,,,,,
1,2,13,1,1,2,3,101058,5,17,8,,,,,,
1,2,11,1,1,1,1,100468,5,11,37,,,,,,
0,2,1,1,1,2,3,100076,5,11,83,,,,,,
1,2,3,1,1,1,1,101412,5,14,26,,,,,,
0,2,14,1,1,2,3,101401,5,14,25,,,,,,
0,3,3,2,1,3,5,101569,5,15,74,,,,,,
0,2,1,2,1,1,2,101688,5,21,72,,,,,,
0,2,11,1,1,2,3,101645,5,21,77,,,,,,
1,2,11,1,1,2,3,100170,5,2,36,,,,,,
1,2,11,1,1,2,2,100417,5,3,40,,,,,,
0,2,11,1,1,2,2,100667,5,7,64,,,,,,
0,2,5,1,1,1,2,100633,5,7,73,,,,,,
0,3,11,2,1,3,5,102338,5,7,77,,,,,,
0,2,5,1,1,1,2,100076,5,11,50,,,,,,
1,2,11,1,1,1,2,101162,5,11,49,,,,,,
1,2,11,2,2,2,3,101252,5,33,20,,,,,,
0,3,11,2,2,3,5,101254,5,33,75,,,,,,
0,2,1,1,1,1,2,101494,5,26,49,,,,,,
0,2,1,1,1,2,2,101566,5,21,11,,,,,,
0,2,11,2,1,2,3,101465,5,21,124,,,,,,
0,2,14,2,1,3,4,100270,5,20,14,,,,,,
0,2,14,1,1,2,3,100538,5,39,56,,,,,,
0,2,3,1,1,1,1,100601,5,7,3,,,,,,
0,2,3,1,1,2,3,100598,5,7,8,,,,,,
0,2,13,1,1,1,2,100620,5,7,20,,,,,,
1,2,5,1,1,1,1,100635,5,7,39,,,,,,
0,2,14,1,1,1,1,100745,5,7,39,,,,,,
0,2,11,2,1,2,3,100439,5,7,85,,,,,,
0,2,1,1,1,2,3,101481,5,18,13,,,,,,
1,2,9,1,1,2,3,101540,5,26,46,,,,,,
0,2,14,1,1,1,2,100191,5,2,40,,,,,,
1,2,3,1,1,1,2,100270,5,20,23,,,,,,
1,3,11,2,1,3,4,100270,5,20,25,,,,,,
1,3,11,2,1,3,4,102338,5,7,110,,,,,,
0,2,1,2,1,2,3,102446,5,45,78,,,,,,
0,3,1,1,1,3,5,100076,5,11,137,,,,,,
0,2,4,1,1,1,2,101059,5,11,64,,,,,,
0,3,11,2,1,3,4,100076,5,11,86,,,,,,
1,3,11,2,1,3,4,101725,5,21,140,,,,,,
0,3,11,2,1,3,4,102330,5,8,129,,,,,,
0,2,11,1,1,2,3,100635,5,7,31,,,,,,
0,3,3,1,1,3,5,100830,5,7,65,,,,,,
1,3,3,2,1,3,5,102338,5,7,100,,,,,,
0,2,14,1,1,2,3,101058,5,17,22,,,,,,
0,2,11,1,1,1,2,101115,5,42,57,,,,,,
0,2,1,1,1,2,3,101645,5,21,39,,,,,,
0,3,1,1,1,3,5,101495,5,26,117,,,,,,
0,2,13,1,1,1,2,100416,5,3,3,,,,,,
0,2,8,1,1,1,2,100633,5,7,63,,,,,,
1,2,13,2,1,2,3,100620,5,7,13,,,,,,
1,2,4,1,1,2,3,100076,5,11,62,,,,,,
0,3,1,2,1,3,4,101413,5,14,26,,,,,,
0,2,1,1,1,2,3,101435,5,14,80,,,,,,
0,3,13,2,1,3,5,102364,5,20,99,,,,,,
1,2,13,1,1,1,2,100416,5,3,6,,,,,,
0,3,1,1,1,3,4,100421,5,3,102,,,,,,
1,2,14,1,1,2,3,101224,5,32,55,,,,,,
0,2,14,1,1,2,3,100599,5,7,36,,,,,,
1,2,11,2,1,2,3,100667,5,7,80,,,,,,
1,2,4,1,1,1,2,101413,5,14,56,,,,,,
0,2,1,2,1,3,4,101413,5,14,65,,,,,,
0,2,1,2,1,2,3,100431,5,3,48,,,,,,
0,2,1,1,1,1,2,100605,5,7,36,,,,,,
0,2,7,1,1,1,2,100620,5,7,46,,,,,,
0,2,8,1,1,2,2,101435,5,14,8,,,,,,
0,2,1,1,1,1,2,101494,5,26,8,,,,,,
0,3,1,3,1,3,6,101725,5,21,75,,,,,,
0,2,3,1,1,2,3,100017,5,1,75,,,,,,
1,3,1,2,5,3,4,101254,5,33,41,,,,,,
0,2,1,1,1,2,3,101435,5,14,55,,,,,,
1,2,13,1,1,1,2,101458,5,43,19,,,,,,
0,3,13,2,1,3,5,101498,5,18,4,,,,,,
0,2,11,1,1,1,2,101540,5,26,57,,,,,,
0,3,11,3,3,3,5,102521,5,38,123,,,,,,
0,2,14,1,1,1,2,100601,5,7,14,,,,,,
1,2,5,1,1,1,1,100904,5,7,23,,,,,,
0,2,1,2,1,3,4,100598,5,7,105,,,,,,
0,2,5,1,1,1,2,101435,5,48,59,,,,,,
0,2,1,1,1,2,3,100416,5,3,29,,,,,,
0,2,5,1,1,1,1,100679,5,7,23,,,,,,
0,2,5,1,1,1,1,100633,5,7,23,,,,,,
1,2,13,1,1,2,3,100830,5,7,47,,,,,,
1,2,14,1,1,2,3,100605,5,7,63,,,,,,
1,2,11,1,1,1,2,100679,5,7,71,,,,,,
0,3,8,2,1,3,4,100629,5,7,103,,,,,,
0,2,4,1,1,1,2,100076,5,11,11,,,,,,
0,3,1,2,1,3,4,101180,5,11,136,,,,,,
0,2,13,1,4,1,2,101322,5,12,71,,,,,,
0,2,11,2,1,3,4,101498,5,18,9,,,,,,
1,2,13,1,1,2,2,101099,5,49,98,,,,,,
0,2,5,1,1,1,1,100178,5,26,36,,,,,,
0,3,11,2,3,3,5,101634,5,38,118,,,,,,
0,2,11,2,1,3,4,101693,5,21,53,,,,,,
0,2,8,2,1,2,3,100583,5,37,77,,,,,,
1,2,5,1,1,1,1,100726,5,7,25,,,,,,
1,2,5,1,1,1,1,100745,5,7,25,,,,,,
0,2,5,1,1,1,1,100605,5,7,24,,,,,,
0,2,5,1,1,1,1,100745,5,7,24,,,,,,
0,2,14,2,1,2,2,100667,5,7,35,,,,,,
0,2,5,1,1,1,1,101544,5,26,24,,,,,,
0,2,5,1,1,1,1,101492,5,26,28,,,,,,
1,2,1,1,1,2,2,101545,5,26,65,,,,,,
0,2,1,2,1,3,4,100981,5,7,7,,,,,,
0,2,14,1,1,2,2,101047,5,44,47,,,,,,
0,2,1,2,4,2,3,101322,5,12,109,,,,,,
1,2,4,1,1,1,2,101435,5,48,15,,,,,,
0,2,14,2,1,3,4,101568,5,15,105,,,,,,
1,2,4,1,1,1,2,100421,5,3,54,,,,,,
1,2,6,1,1,1,2,100076,5,11,50,,,,,,
1,2,3,1,1,1,2,101321,5,12,57,,,,,,
1,2,1,1,1,1,2,101458,5,43,86,,,,,,
1,2,11,1,1,1,2,100285,5,20,3,,,,,,
1,2,14,2,1,2,3,100332,5,20,9,,,,,,
0,2,3,1,1,2,2,100568,5,35,39,,,,,,
0,2,3,2,1,3,4,100599,5,7,10,,,,,,
1,2,3,2,1,3,4,100745,5,7,11,,,,,,
1,3,12,1,1,3,4,100743,5,7,98,,,,,,
1,2,3,1,1,3,4,100076,5,11,13,,,,,,
1,2,13,1,1,1,2,100121,5,11,14,,,,,,
0,2,1,1,1,2,2,100076,5,11,27,,,,,,
0,2,10,1,1,1,2,102378,5,47,7,,,,,,
1,3,14,1,1,3,4,100024,5,7,40,,,,,,
0,2,11,1,1,2,3,100679,5,7,42,,,,,,
1,2,14,1,1,1,2,100633,5,7,40,,,,,,
0,3,14,2,1,3,5,101059,5,44,72,,,,,,
0,3,16,2,2,3,4,101252,5,33,16,,,,,,
1,2,4,1,1,1,2,101545,5,26,40,,,,,,
1,2,14,1,1,1,2,100633,5,7,74,,,,,,
0,2,13,1,1,2,3,100635,5,7,101,,,,,,
0,2,1,1,1,1,1,100121,5,11,5,,,,,,
0,3,1,2,2,3,5,101252,5,33,41,,,,,,
1,2,14,1,1,1,2,101492,5,26,82,,,,,,
0,2,14,1,1,1,2,101584,5,15,15,,,,,,
1,2,13,1,1,2,3,100296,5,20,26,,,,,,
0,3,1,2,1,3,4,100439,5,3,35,,,,,,
0,2,11,1,1,2,2,100504,5,22,31,,,,,,
0,2,1,1,1,3,4,100504,5,22,103,,,,,,
0,2,1,1,1,2,3,100024,5,7,18,,,,,,
0,2,8,2,1,2,3,100076,5,11,50,,,,,,
0,2,1,2,1,3,4,100354,5,3,38,,,,,,
1,2,8,1,1,2,2,100745,5,7,4,,,,,,
0,3,1,2,1,3,5,101164,5,52,141,,,,,,
0,2,10,1,1,2,3,101200,5,52,35,,,,,,
1,2,1,1,1,2,2,101492,5,26,28,,,,,,
1,3,11,2,1,3,4,100439,5,3,20,,,,,,
0,3,14,3,6,3,5,102592,5,3,90,,,,,,
1,2,8,2,5,2,3,100568,5,35,61,,,,,,
0,2,14,1,1,2,1,100745,5,7,21,,,,,,
0,2,5,2,1,2,2,102433,5,7,92,,,,,,
0,3,13,3,2,3,6,101254,5,33,47,,,,,,
0,2,1,1,1,2,2,101412,5,48,21,,,,,,
0,2,5,1,1,2,2,100178,5,26,45,,,,,,
0,3,14,2,1,3,4,100854,5,7,131,,,,,,
0,2,1,2,1,2,3,101616,5,15,71,,,,,,
0,2,11,2,1,3,3,101591,5,15,97,,,,,,
1,3,1,3,1,3,7,102611,5,21,31,,,,,,
0,2,1,2,1,2,3,101693,5,21,106,,,,,,
0,2,14,1,1,2,3,100583,5,37,40,,,,,,
0,2,14,1,1,2,2,100629,5,7,24,,,,,,
0,2,14,1,1,2,1,100754,5,7,35,,,,,,
1,2,13,1,1,2,2,101056,5,44,60,,,,,,
0,2,5,1,1,2,1,100188,5,26,35,,,,,,
1,2,13,1,1,2,2,101545,5,26,40,,,,,,
1,2,13,1,1,2,3,100179,5,26,78,,,,,,
0,2,11,2,1,2,3,100611,5,3,14,,,,,,
1,3,14,1,1,3,6,100743,5,7,18,,,,,,
0,2,1,2,1,3,4,101424,5,48,18,,,,,,
1,2,7,1,1,2,2,101544,5,26,24,,,,,,
0,2,14,1,1,2,1,101494,5,26,25,,,,,,
1,2,3,1,1,2,3,101492,5,26,89,,,,,,
0,2,1,1,1,2,1,100350,5,20,24,,,,,,
0,2,5,1,1,2,2,100350,5,20,23,,,,,,
0,2,5,1,1,2,1,100745,5,7,16,,,,,,
0,2,5,1,1,2,2,100745,5,7,48,,,,,,
0,2,1,1,1,2,2,100607,5,7,25,,,,,,
0,2,13,1,1,3,4,101430,5,48,79,,,,,,
1,2,3,1,1,2,2,101525,5,26,34,,,,,,
0,2,14,1,1,2,2,101492,5,26,90,,,,,,
1,3,11,2,1,3,4,101540,5,26,121,,,,,,
0,2,5,1,1,2,2,101568,5,15,64,,,,,,
0,2,11,1,1,2,2,101645,5,21,34,,,,,,
1,2,3,1,1,2,1,100416,5,3,2,,,,,,
0,3,11,2,1,3,4,100395,5,3,64,,,,,,
1,2,5,1,1,2,2,100514,5,30,110,,,,,,
0,3,1,2,1,3,4,101224,5,32,144,,,,,,
1,2,5,1,1,2,1,100605,5,7,49,,,,,,
1,2,14,1,1,2,2,100981,5,7,63,,,,,,
0,2,14,1,1,2,2,101180,5,52,16,,,,,,
0,2,1,2,4,3,4,100591,5,12,112,,,,,,
0,2,11,2,1,3,4,101413,5,48,128,,,,,,
1,2,7,1,1,2,2,101494,5,26,30,,,,,,
0,2,9,1,1,2,2,100350,5,20,40,,,,,,
1,2,1,1,1,2,3,100024,5,7,34,,,,,,
0,3,11,3,1,3,7,102324,5,7,43,,,,,,
1,2,7,1,1,2,2,100667,5,7,48,,,,,,
1,2,4,2,1,3,4,101413,5,48,24,,,,,,
1,2,5,1,1,2,2,101544,5,26,38,,,,,,
0,2,14,1,1,2,3,101544,5,26,105,,,,,,
0,2,14,1,1,2,2,100514,5,30,29,,,,,,
0,2,3,1,1,2,3,100754,5,7,32,,,,,,
1,2,7,1,1,2,1,101200,5,52,15,,,,,,
0,2,1,2,1,3,4,101693,5,21,77,,,,,,
0,2,13,2,1,2,3,100291,5,20,17,,,,,,
1,2,3,2,1,3,4,100296,5,20,50,,,,,,
0,2,1,1,1,2,2,100395,5,3,13,,,,,,
0,2,14,1,1,2,1,100515,5,30,20,,,,,,
0,2,11,2,2,3,4,101251,5,33,7,,,,,,
0,2,1,1,1,2,3,101491,5,26,21,,,,,,
0,3,11,2,1,3,7,101701,5,21,141,,,,,,
0,3,3,2,1,3,6,102586,5,6,103,,,,,,
1,2,1,1,1,2,2,100416,5,3,5,,,,,,
0,2,14,1,1,2,2,100515,5,30,19,,,,,,
0,3,14,2,1,3,4,100605,5,7,140,,,,,,
1,2,14,1,1,2,3,100726,5,7,113,,,,,,
1,1,4,1,1,2,1,101413,5,48,6,,,,,,
0,2,14,1,3,2,3,101743,5,50,71,,,,,,
0,2,14,1,1,2,1,100904,5,4,30,,,,,,
0,3,1,2,1,3,4,100332,5,20,15,,,,,,
0,2,11,2,1,3,4,101224,5,32,37,,,,,,
0,2,1,1,1,2,2,100941,5,7,17,,,,,,
0,3,1,2,1,3,5,100754,5,7,102,,,,,,
0,2,11,1,1,2,2,101180,5,52,15,,,,,,
0,2,11,1,1,2,2,102041,5,52,25,,,,,,
1,2,11,1,1,2,2,102041,5,52,29,,,,,,
0,3,14,2,4,3,6,101096,5,12,129,,,,,,
0,2,1,2,1,3,4,101424,5,48,93,,,,,,
0,3,9,2,1,3,4,101491,5,26,116,,,,,,
0,3,11,2,1,3,5,101540,5,26,140,,,,,,
0,2,11,1,1,2,3,101568,5,15,109,,,,,,
0,2,11,2,1,3,4,100629,5,51,127,,,,,,
1,2,14,1,1,2,1,100395,5,3,2,,,,,,
0,2,14,2,1,2,2,100941,5,7,50,,,,,,
0,2,11,1,1,2,2,101200,5,52,43,,,,,,
0,2,14,1,1,2,2,100179,5,26,55,,,,,,
0,2,1,2,1,3,4,101616,5,15,57,,,,,,
0,3,11,2,1,3,4,101696,5,21,111,,,,,,
0,3,11,2,1,3,6,101696,5,21,145,,,,,,
1,2,11,1,1,2,1,100243,5,54,6,,,,,,
1,2,14,1,1,2,2,100291,5,20,38,,,,,,
0,2,11,1,1,2,3,100395,5,3,69,,,,,,
0,2,11,2,1,2,3,100439,5,3,15,,,,,,
1,2,11,1,1,2,3,102041,5,52,30,,,,,,
1,2,14,1,1,2,2,101430,5,48,80,,,,,,
0,2,14,1,1,2,2,100515,5,30,27,,,,,,
1,2,5,1,1,2,2,100633,5,34,45,,,,,,
0,2,11,2,1,3,3,100754,5,7,15,,,,,,
0,2,1,1,1,2,3,101036,5,7,96,,,,,,
0,3,5,2,1,3,4,101200,5,52,79,,,,,,
0,2,11,1,1,3,4,100254,5,55,43,,,,,,
0,2,1,1,1,2,2,101776,5,4,44,,,,,,
1,2,1,1,1,2,2,100439,5,3,26,,,,,,
1,2,11,2,1,3,4,100439,5,3,82,,,,,,
0,2,14,1,1,2,2,100515,5,30,27,,,,,,
1,2,5,1,1,2,1,101965,5,7,34,,,,,,
0,2,11,2,1,2,3,101693,5,21,31,,,,,,
0,2,14,2,1,2,3,101693,5,21,70,,,,,,
0,2,1,2,1,3,4,101569,5,21,141,,,,,,
0,2,14,1,1,2,3,100243,5,54,102,,,,,,
0,2,1,1,1,2,2,100439,5,3,13,,,,,,
1,2,14,1,1,2,1,101200,5,57,19,,,,,,
1,1,14,1,1,2,1,100296,5,20,24,,,,,,
0,2,14,1,1,2,2,100515,5,30,30,,,,,,
0,2,1,2,1,2,2,102324,5,7,109,,,,,,
0,2,11,1,1,2,3,100948,3,4,77,,,,,,
0,2,1,2,1,3,4,100296,2,20,49,,,,,,
1,2,5,1,1,2,1,101430,2,48,38,,,,,,
0,2,11,1,1,2,2,101545,4,26,39,,,,,,
1,2,11,2,1,3,4,101591,4,15,32,,,,,,
0,3,1,2,1,3,4,101550,3,21,110,,,,,,
0,2,14,2,1,3,4,100286,1,20,22,,,,,,
0,2,14,1,1,2,2,100605,2,7,20,,,,,,
1,2,11,1,1,2,2,101336,5,12,9,,,,,,
1,3,11,3,1,3,5,102582,1,4,11,,,,,,
0,1,11,1,1,2,1,100349,5,7,3,,,,,,
1,2,1,1,1,2,2,101059,3,44,100,,,,,,
0,2,11,1,1,2,2,102041,1,52,29,,,,,,
0,2,14,1,1,2,2,100780,5,58,32,,,,,,
0,2,12,1,1,2,2,101693,3,21,32,,,,,,
0,2,11,1,1,2,1,101645,3,21,40,,,,,,
0,2,1,1,1,2,1,100332,2,20,41,,,,,,
0,2,1,1,1,2,1,100633,2,34,18,,,,,,
0,3,14,2,1,3,5,100568,3,35,84,,,,,,
0,1,11,1,1,2,1,100738,5,7,4,,,,,,
0,2,14,2,1,3,4,100941,2,7,28,,,,,,
0,2,11,2,1,3,4,101693,1,21,148,,,,,,
1,2,1,1,1,2,3,100354,5,3,79,,,,,,
1,2,11,2,1,2,2,100307,5,53,17,,,,,,
1,2,11,1,1,3,3,101492,5,26,87,,,,,,
1,2,11,1,6,2,2,102697,5,15,28,,,,,,
0,2,14,1,1,2,2,101200,5,57,25,,,,,,
0,2,11,1,1,2,3,100774,5,7,13,,,,,,
1,2,11,1,1,2,3,100738,5,7,90,,,,,,
1,2,14,1,1,2,2,101816,5,53,24,,,,,,
0,2,11,1,4,2,2,102666,5,12,13,,,,,,
1,2,11,2,1,2,3,101096,5,12,16,,,,,,
0,2,14,1,1,2,3,101336,5,12,29,,,,,,
1,2,11,1,1,2,2,101430,5,48,18,,,,,,
0,2,1,1,1,2,2,101492,5,26,34,,,,,,
0,2,14,1,1,3,3,101706,5,21,28,,,,,,
0,2,14,2,1,2,3,101693,5,21,83,,,,,,
1,2,14,1,1,2,2,101200,5,57,30,,,,,,
0,1,4,1,2,2,1,101237,5,33,6,,,,,,
1,2,11,1,1,2,2,101492,5,26,39,,,,,,
0,2,1,1,1,2,2,101706,5,21,58,,,,,,
0,2,1,2,1,3,4,101693,5,21,115,,,,,,
0,2,14,2,1,2,3,101059,5,44,95,,,,,,
0,3,1,1,1,3,5,101394,5,48,48,,,,,,
0,2,1,1,1,2,2,100780,5,58,25,,,,,,
0,2,12,2,1,2,2,100726,5,3,9,,,,,,
0,2,1,1,1,2,2,100784,5,7,30,,,,,,
1,2,1,1,1,2,3,102026,5,42,124,,,,,,
0,3,11,2,1,3,4,101544,5,26,141,,,,,,
0,2,11,1,1,3,4,101492,5,26,137,,,,,,
0,2,1,2,1,3,4,101586,5,15,113,,,,,,
1,2,11,1,1,2,3,100243,5,54,5,,,,,,
0,2,14,1,1,2,2,101200,5,57,36,,,,,,
0,2,14,2,1,3,4,102718,5,57,43,,,,,,
0,2,11,2,1,2,3,100326,5,20,2,,,,,,
0,2,11,2,1,3,3,100693,5,7,22,,,,,,
1,2,11,1,1,2,2,100738,5,7,59,,,,,,
0,2,5,2,1,2,3,100240,5,53,30,,,,,,
1,2,11,1,1,2,3,101058,5,44,132,,,,,,
1,2,11,1,1,2,2,100121,5,52,38,,,,,,
0,3,11,2,1,3,5,101348,5,12,16,,,,,,
1,2,11,1,6,2,3,102685,5,56,24,,,,,,
0,2,1,1,1,2,2,102165,5,58,53,,,,,,
0,3,11,2,6,3,5,102705,5,15,133,,,,,,
0,2,1,1,1,2,2,101693,5,21,39,,,,,,
0,2,1,1,1,2,2,101550,5,21,48,,,,,,
0,2,11,2,1,2,2,101693,5,21,48,,,,,,